building_name,sum,mean,max,min
A_block,1074.5,35.81666666666667,47.4,27.6
B_block,727.3,24.243333333333332,30.2,18.8
C_block,1318.3,43.943333333333335,53.6,35.9
D_block,918.9,30.63,39.4,23.8
